dataset,image_name,image_path,label,labeled_at
C-BL-AgriCapture_20260117_1744,latrinidad_balili_20260117_091527_61e0ea04.png,Cropped/C-BL-AgriCapture_20260117_1744/images/2026/01/17/latrinidad_balili_20260117_091527_61e0ea04.png,Moderate whitespot,2026-06-10T12:53:56
C-BL-AgriCapture_20260117_1744,latrinidad_balili_20260117_091536_b78ac6f1.png,Cropped/C-BL-AgriCapture_20260117_1744/images/2026/01/17/latrinidad_balili_20260117_091536_b78ac6f1.png,Moderate whitespot,2026-06-10T12:53:57
C-BL-AgriCapture_20260117_1744,latrinidad_balili_20260117_091545_4dbdfca7.png,Cropped/C-BL-AgriCapture_20260117_1744/images/2026/01/17/latrinidad_balili_20260117_091545_4dbdfca7.png,Moderate whitespot,2026-06-10T12:53:58
C-BL-AgriCapture_20260117_1744,latrinidad_balili_20260117_091551_01f0cfc6.png,Cropped/C-BL-AgriCapture_20260117_1744/images/2026/01/17/latrinidad_balili_20260117_091551_01f0cfc6.png,Moderate whitespot,2026-06-10T12:53:59
C-BL-AgriCapture_20260117_1744,latrinidad_balili_20260117_091608_98566ce3.png,Cropped/C-BL-AgriCapture_20260117_1744/images/2026/01/17/latrinidad_balili_20260117_091608_98566ce3.png,Moderate whitespot,2026-06-10T12:54:00
C-BL-AgriCapture_20260117_1744,latrinidad_balili_20260117_091646_e248fb29.png,Cropped/C-BL-AgriCapture_20260117_1744/images/2026/01/17/latrinidad_balili_20260117_091646_e248fb29.png,Minimal whitespot,2026-06-10T12:54:01
C-BL-AgriCapture_20260117_1744,latrinidad_balili_20260117_091707_655bd9aa.png,Cropped/C-BL-AgriCapture_20260117_1744/images/2026/01/17/latrinidad_balili_20260117_091707_655bd9aa.png,Minimal whitespot,2026-06-10T12:54:02
C-BL-AgriCapture_20260117_1744,latrinidad_balili_20260117_091731_731cb66d.png,Cropped/C-BL-AgriCapture_20260117_1744/images/2026/01/17/latrinidad_balili_20260117_091731_731cb66d.png,Minimal whitespot,2026-06-10T12:54:04
C-BL-AgriCapture_20260117_1744,latrinidad_balili_20260117_091740_a0b7cfb3.png,Cropped/C-BL-AgriCapture_20260117_1744/images/2026/01/17/latrinidad_balili_20260117_091740_a0b7cfb3.png,Moderate whitespot,2026-06-10T12:54:07
C-BL-AgriCapture_20260117_1744,latrinidad_balili_20260117_091752_77b8153e.png,Cropped/C-BL-AgriCapture_20260117_1744/images/2026/01/17/latrinidad_balili_20260117_091752_77b8153e.png,Moderate whitespot,2026-06-10T12:54:09
C-BL-AgriCapture_20260117_1744,latrinidad_balili_20260117_091842_2a303b9e.png,Cropped/C-BL-AgriCapture_20260117_1744/images/2026/01/17/latrinidad_balili_20260117_091842_2a303b9e.png,Minimal whitespot,2026-06-10T12:54:10
C-BL-AgriCapture_20260117_1744,latrinidad_balili_20260117_091849_f240c3f4.png,Cropped/C-BL-AgriCapture_20260117_1744/images/2026/01/17/latrinidad_balili_20260117_091849_f240c3f4.png,Moderate whitespot,2026-06-10T12:54:11
C-BL-AgriCapture_20260117_1744,latrinidad_balili_20260117_091908_9c7a63eb.png,Cropped/C-BL-AgriCapture_20260117_1744/images/2026/01/17/latrinidad_balili_20260117_091908_9c7a63eb.png,Minimal whitespot,2026-06-10T12:54:13
C-BL-AgriCapture_20260117_1744,latrinidad_balili_20260117_091915_ca68a463.png,Cropped/C-BL-AgriCapture_20260117_1744/images/2026/01/17/latrinidad_balili_20260117_091915_ca68a463.png,Moderate whitespot,2026-06-10T12:54:14
C-BL-AgriCapture_20260117_1744,latrinidad_balili_20260117_091921_ba087632.png,Cropped/C-BL-AgriCapture_20260117_1744/images/2026/01/17/latrinidad_balili_20260117_091921_ba087632.png,Moderate whitespot,2026-06-10T12:54:15
C-BL-AgriCapture_20260117_1744,latrinidad_balili_20260117_092014_4e5e829a.png,Cropped/C-BL-AgriCapture_20260117_1744/images/2026/01/17/latrinidad_balili_20260117_092014_4e5e829a.png,No white spot,2026-06-10T12:54:17
C-BL-AgriCapture_20260117_1744,latrinidad_balili_20260117_092021_96b20eb8.png,Cropped/C-BL-AgriCapture_20260117_1744/images/2026/01/17/latrinidad_balili_20260117_092021_96b20eb8.png,No white spot,2026-06-10T12:54:18
C-BL-AgriCapture_20260117_1744,latrinidad_balili_20260117_092037_c40a7191.png,Cropped/C-BL-AgriCapture_20260117_1744/images/2026/01/17/latrinidad_balili_20260117_092037_c40a7191.png,No white spot,2026-06-10T12:54:18
C-BL-AgriCapture_20260117_1744,latrinidad_balili_20260117_092045_5cc06a73.png,Cropped/C-BL-AgriCapture_20260117_1744/images/2026/01/17/latrinidad_balili_20260117_092045_5cc06a73.png,No white spot,2026-06-10T12:54:19
C-BL-AgriCapture_20260117_1744,latrinidad_balili_20260117_092052_1d0c0a15.png,Cropped/C-BL-AgriCapture_20260117_1744/images/2026/01/17/latrinidad_balili_20260117_092052_1d0c0a15.png,No white spot,2026-06-10T12:54:20
C-BL-AgriCapture_20260117_1744,latrinidad_balili_20260117_092135_2f3444af.png,Cropped/C-BL-AgriCapture_20260117_1744/images/2026/01/17/latrinidad_balili_20260117_092135_2f3444af.png,No white spot,2026-06-10T12:54:22
C-BL-AgriCapture_20260117_1744,latrinidad_balili_20260117_092142_611a79ae.png,Cropped/C-BL-AgriCapture_20260117_1744/images/2026/01/17/latrinidad_balili_20260117_092142_611a79ae.png,No white spot,2026-06-10T12:54:23
C-BL-AgriCapture_20260117_1744,latrinidad_balili_20260117_092149_17acbbc4.png,Cropped/C-BL-AgriCapture_20260117_1744/images/2026/01/17/latrinidad_balili_20260117_092149_17acbbc4.png,No white spot,2026-06-10T12:54:24
C-BL-AgriCapture_20260117_1744,latrinidad_balili_20260117_092200_d1b17c23.png,Cropped/C-BL-AgriCapture_20260117_1744/images/2026/01/17/latrinidad_balili_20260117_092200_d1b17c23.png,No white spot,2026-06-10T12:54:25
C-BL-AgriCapture_20260117_1744,latrinidad_balili_20260117_092231_692a9e8f.png,Cropped/C-BL-AgriCapture_20260117_1744/images/2026/01/17/latrinidad_balili_20260117_092231_692a9e8f.png,No white spot,2026-06-10T12:54:25
C-BL-AgriCapture_20260117_1744,latrinidad_balili_20260117_092315_9ffc887d.png,Cropped/C-BL-AgriCapture_20260117_1744/images/2026/01/17/latrinidad_balili_20260117_092315_9ffc887d.png,No white spot,2026-06-10T12:54:26
C-BL-AgriCapture_20260117_1744,latrinidad_balili_20260117_092324_810d2670.png,Cropped/C-BL-AgriCapture_20260117_1744/images/2026/01/17/latrinidad_balili_20260117_092324_810d2670.png,No white spot,2026-06-10T12:54:27
C-BL-AgriCapture_20260117_1744,latrinidad_balili_20260117_092334_7d4df364.png,Cropped/C-BL-AgriCapture_20260117_1744/images/2026/01/17/latrinidad_balili_20260117_092334_7d4df364.png,No white spot,2026-06-10T12:54:28
C-BL-AgriCapture_20260117_1744,latrinidad_balili_20260117_092346_2a47e8dc.png,Cropped/C-BL-AgriCapture_20260117_1744/images/2026/01/17/latrinidad_balili_20260117_092346_2a47e8dc.png,No white spot,2026-06-10T12:54:28
C-BL-AgriCapture_20260117_1744,latrinidad_balili_20260117_092403_754f9394.png,Cropped/C-BL-AgriCapture_20260117_1744/images/2026/01/17/latrinidad_balili_20260117_092403_754f9394.png,No white spot,2026-06-10T12:54:29
C-BL-AgriCapture_20260117_1744,latrinidad_balili_20260117_092513_361719ec.png,Cropped/C-BL-AgriCapture_20260117_1744/images/2026/01/17/latrinidad_balili_20260117_092513_361719ec.png,No white spot,2026-06-10T12:54:30
C-BL-AgriCapture_20260117_1744,latrinidad_balili_20260117_092530_b08d60b0.png,Cropped/C-BL-AgriCapture_20260117_1744/images/2026/01/17/latrinidad_balili_20260117_092530_b08d60b0.png,No white spot,2026-06-10T12:54:31
C-BL-AgriCapture_20260117_1744,latrinidad_balili_20260117_092537_252f0b74.png,Cropped/C-BL-AgriCapture_20260117_1744/images/2026/01/17/latrinidad_balili_20260117_092537_252f0b74.png,No white spot,2026-06-10T12:54:32
C-BL-AgriCapture_20260117_1744,latrinidad_balili_20260117_092544_58554e07.png,Cropped/C-BL-AgriCapture_20260117_1744/images/2026/01/17/latrinidad_balili_20260117_092544_58554e07.png,No white spot,2026-06-10T12:54:33
C-BL-AgriCapture_20260117_1744,latrinidad_balili_20260117_092552_7502fb83.png,Cropped/C-BL-AgriCapture_20260117_1744/images/2026/01/17/latrinidad_balili_20260117_092552_7502fb83.png,No white spot,2026-06-10T12:54:34
C-BL-AgriCapture_20260117_1744,latrinidad_balili_20260117_092638_085f212f.png,Cropped/C-BL-AgriCapture_20260117_1744/images/2026/01/17/latrinidad_balili_20260117_092638_085f212f.png,Minimal whitespot,2026-06-10T12:54:36
C-BL-AgriCapture_20260117_1744,latrinidad_balili_20260117_092655_df9f5388.png,Cropped/C-BL-AgriCapture_20260117_1744/images/2026/01/17/latrinidad_balili_20260117_092655_df9f5388.png,Minimal whitespot,2026-06-10T12:54:36
C-BL-AgriCapture_20260117_1744,latrinidad_balili_20260117_092703_f24f325a.png,Cropped/C-BL-AgriCapture_20260117_1744/images/2026/01/17/latrinidad_balili_20260117_092703_f24f325a.png,Moderate whitespot,2026-06-10T12:54:38
C-BL-AgriCapture_20260117_1744,latrinidad_balili_20260117_092711_3ced14c5.png,Cropped/C-BL-AgriCapture_20260117_1744/images/2026/01/17/latrinidad_balili_20260117_092711_3ced14c5.png,Minimal whitespot,2026-06-10T12:54:40
C-BL-AgriCapture_20260117_1744,latrinidad_balili_20260117_092731_823e0236.png,Cropped/C-BL-AgriCapture_20260117_1744/images/2026/01/17/latrinidad_balili_20260117_092731_823e0236.png,Minimal whitespot,2026-06-10T12:54:41
C-BL-AgriCapture_20260117_1744,latrinidad_balili_20260117_092838_d629d6ad.png,Cropped/C-BL-AgriCapture_20260117_1744/images/2026/01/17/latrinidad_balili_20260117_092838_d629d6ad.png,Minimal whitespot,2026-06-10T12:54:42
C-BL-AgriCapture_20260117_1744,latrinidad_balili_20260117_092847_01c36e7b.png,Cropped/C-BL-AgriCapture_20260117_1744/images/2026/01/17/latrinidad_balili_20260117_092847_01c36e7b.png,Minimal whitespot,2026-06-10T12:54:43
C-BL-AgriCapture_20260117_1744,latrinidad_balili_20260117_092855_c2724d24.png,Cropped/C-BL-AgriCapture_20260117_1744/images/2026/01/17/latrinidad_balili_20260117_092855_c2724d24.png,Minimal whitespot,2026-06-10T12:54:44
C-BL-AgriCapture_20260117_1744,latrinidad_balili_20260117_092907_d5ed9c86.png,Cropped/C-BL-AgriCapture_20260117_1744/images/2026/01/17/latrinidad_balili_20260117_092907_d5ed9c86.png,Minimal whitespot,2026-06-10T12:54:45
C-BL-AgriCapture_20260117_1744,latrinidad_balili_20260117_092917_84585abd.png,Cropped/C-BL-AgriCapture_20260117_1744/images/2026/01/17/latrinidad_balili_20260117_092917_84585abd.png,Minimal whitespot,2026-06-10T12:54:46
C-BL-AgriCapture_20260117_1744,latrinidad_balili_20260117_092950_e99aae6b.png,Cropped/C-BL-AgriCapture_20260117_1744/images/2026/01/17/latrinidad_balili_20260117_092950_e99aae6b.png,Minimal whitespot,2026-06-10T12:54:47
C-BL-AgriCapture_20260117_1744,latrinidad_balili_20260117_092958_ec0a06f2.png,Cropped/C-BL-AgriCapture_20260117_1744/images/2026/01/17/latrinidad_balili_20260117_092958_ec0a06f2.png,Moderate whitespot,2026-06-10T12:54:51
C-BL-AgriCapture_20260117_1744,latrinidad_balili_20260117_093006_8a606db9.png,Cropped/C-BL-AgriCapture_20260117_1744/images/2026/01/17/latrinidad_balili_20260117_093006_8a606db9.png,Minimal whitespot,2026-06-10T12:54:53
C-BL-AgriCapture_20260117_1744,latrinidad_balili_20260117_093016_458a1a1a.png,Cropped/C-BL-AgriCapture_20260117_1744/images/2026/01/17/latrinidad_balili_20260117_093016_458a1a1a.png,Minimal whitespot,2026-06-10T12:54:55
C-BL-AgriCapture_20260117_1744,latrinidad_balili_20260117_093024_3f6e0080.png,Cropped/C-BL-AgriCapture_20260117_1744/images/2026/01/17/latrinidad_balili_20260117_093024_3f6e0080.png,Minimal whitespot,2026-06-10T12:54:57
C-BL-AgriCapture_20260117_1744,latrinidad_balili_20260117_093113_b039be4c.png,Cropped/C-BL-AgriCapture_20260117_1744/images/2026/01/17/latrinidad_balili_20260117_093113_b039be4c.png,Moderate whitespot,2026-06-10T12:54:59
C-BL-AgriCapture_20260117_1744,latrinidad_balili_20260117_093121_8c6da42a.png,Cropped/C-BL-AgriCapture_20260117_1744/images/2026/01/17/latrinidad_balili_20260117_093121_8c6da42a.png,Moderate whitespot,2026-06-10T12:55:00
C-BL-AgriCapture_20260117_1744,latrinidad_balili_20260117_093128_944bd1e4.png,Cropped/C-BL-AgriCapture_20260117_1744/images/2026/01/17/latrinidad_balili_20260117_093128_944bd1e4.png,Moderate whitespot,2026-06-10T12:55:04
C-BL-AgriCapture_20260117_1744,latrinidad_balili_20260117_093137_36ecd0c5.png,Cropped/C-BL-AgriCapture_20260117_1744/images/2026/01/17/latrinidad_balili_20260117_093137_36ecd0c5.png,Moderate whitespot,2026-06-10T12:55:06
C-BL-AgriCapture_20260117_1744,latrinidad_balili_20260117_093146_2f9703a6.png,Cropped/C-BL-AgriCapture_20260117_1744/images/2026/01/17/latrinidad_balili_20260117_093146_2f9703a6.png,Moderate whitespot,2026-06-10T12:55:08
C-BL-AgriCapture_20260117_1744,latrinidad_balili_20260117_093235_f24ef3bf.png,Cropped/C-BL-AgriCapture_20260117_1744/images/2026/01/17/latrinidad_balili_20260117_093235_f24ef3bf.png,Minimal whitespot,2026-06-10T12:55:10
C-BL-AgriCapture_20260117_1744,latrinidad_balili_20260117_093243_f57cc2a1.png,Cropped/C-BL-AgriCapture_20260117_1744/images/2026/01/17/latrinidad_balili_20260117_093243_f57cc2a1.png,No white spot,2026-06-10T12:55:12
C-BL-AgriCapture_20260117_1744,latrinidad_balili_20260117_093251_6f5daab5.png,Cropped/C-BL-AgriCapture_20260117_1744/images/2026/01/17/latrinidad_balili_20260117_093251_6f5daab5.png,Minimal whitespot,2026-06-10T12:55:13
C-BL-AgriCapture_20260117_1744,latrinidad_balili_20260117_093259_1100bd12.png,Cropped/C-BL-AgriCapture_20260117_1744/images/2026/01/17/latrinidad_balili_20260117_093259_1100bd12.png,Minimal whitespot,2026-06-10T12:55:16
C-BL-AgriCapture_20260117_1744,latrinidad_balili_20260117_093310_1ef974cb.png,Cropped/C-BL-AgriCapture_20260117_1744/images/2026/01/17/latrinidad_balili_20260117_093310_1ef974cb.png,Minimal whitespot,2026-06-10T12:55:18
C-BL-AgriCapture_20260117_1744,latrinidad_balili_20260117_093337_ed89ffb0.png,Cropped/C-BL-AgriCapture_20260117_1744/images/2026/01/17/latrinidad_balili_20260117_093337_ed89ffb0.png,Minimal whitespot,2026-06-10T12:55:19
C-BL-AgriCapture_20260117_1744,latrinidad_balili_20260117_093345_f40006f8.png,Cropped/C-BL-AgriCapture_20260117_1744/images/2026/01/17/latrinidad_balili_20260117_093345_f40006f8.png,Minimal whitespot,2026-06-10T12:55:20
C-BL-AgriCapture_20260117_1744,latrinidad_balili_20260117_093353_675ae890.png,Cropped/C-BL-AgriCapture_20260117_1744/images/2026/01/17/latrinidad_balili_20260117_093353_675ae890.png,Minimal whitespot,2026-06-10T12:55:21
C-BL-AgriCapture_20260117_1744,latrinidad_balili_20260117_093401_14f30f0c.png,Cropped/C-BL-AgriCapture_20260117_1744/images/2026/01/17/latrinidad_balili_20260117_093401_14f30f0c.png,Minimal whitespot,2026-06-10T12:55:22
C-BL-AgriCapture_20260117_1744,latrinidad_balili_20260117_093408_85771c71.png,Cropped/C-BL-AgriCapture_20260117_1744/images/2026/01/17/latrinidad_balili_20260117_093408_85771c71.png,Minimal whitespot,2026-06-10T12:55:23
C-BL-AgriCapture_20260117_1744,latrinidad_balili_20260117_093439_e3f498f5.png,Cropped/C-BL-AgriCapture_20260117_1744/images/2026/01/17/latrinidad_balili_20260117_093439_e3f498f5.png,Moderate whitespot,2026-06-10T12:55:24
C-BL-AgriCapture_20260117_1744,latrinidad_balili_20260117_093448_d99df8ce.png,Cropped/C-BL-AgriCapture_20260117_1744/images/2026/01/17/latrinidad_balili_20260117_093448_d99df8ce.png,Minimal whitespot,2026-06-10T12:55:26
C-BL-AgriCapture_20260117_1744,latrinidad_balili_20260117_093513_0205a220.png,Cropped/C-BL-AgriCapture_20260117_1744/images/2026/01/17/latrinidad_balili_20260117_093513_0205a220.png,Minimal whitespot,2026-06-10T12:55:31
C-BL-AgriCapture_20260117_1744,latrinidad_balili_20260117_093521_50447ffe.png,Cropped/C-BL-AgriCapture_20260117_1744/images/2026/01/17/latrinidad_balili_20260117_093521_50447ffe.png,Moderate whitespot,2026-06-10T12:55:33
C-BL-AgriCapture_20260117_1744,latrinidad_balili_20260117_093529_26ea6a0a.png,Cropped/C-BL-AgriCapture_20260117_1744/images/2026/01/17/latrinidad_balili_20260117_093529_26ea6a0a.png,Moderate whitespot,2026-06-10T12:55:36
C-BL-AgriCapture_20260117_1744,latrinidad_balili_20260117_093538_ed1c4b54.png,Cropped/C-BL-AgriCapture_20260117_1744/images/2026/01/17/latrinidad_balili_20260117_093538_ed1c4b54.png,Minimal whitespot,2026-06-10T12:55:39
C-BL-AgriCapture_20260117_1744,latrinidad_balili_20260117_093546_d6c66fe0.png,Cropped/C-BL-AgriCapture_20260117_1744/images/2026/01/17/latrinidad_balili_20260117_093546_d6c66fe0.png,Minimal whitespot,2026-06-10T12:55:41
C-BL-AgriCapture_20260117_1744,latrinidad_balili_20260117_093629_a42b02e8.png,Cropped/C-BL-AgriCapture_20260117_1744/images/2026/01/17/latrinidad_balili_20260117_093629_a42b02e8.png,Minimal whitespot,2026-06-10T12:55:42
C-BL-AgriCapture_20260117_1744,latrinidad_balili_20260117_093638_e5033443.png,Cropped/C-BL-AgriCapture_20260117_1744/images/2026/01/17/latrinidad_balili_20260117_093638_e5033443.png,Minimal whitespot,2026-06-10T12:55:43
C-BL-AgriCapture_20260117_1744,latrinidad_balili_20260117_093647_db6b2b82.png,Cropped/C-BL-AgriCapture_20260117_1744/images/2026/01/17/latrinidad_balili_20260117_093647_db6b2b82.png,Moderate whitespot,2026-06-10T12:55:47
C-BL-AgriCapture_20260117_1744,latrinidad_balili_20260117_093657_ceb6ed91.png,Cropped/C-BL-AgriCapture_20260117_1744/images/2026/01/17/latrinidad_balili_20260117_093657_ceb6ed91.png,Moderate whitespot,2026-06-10T12:55:48
C-BL-AgriCapture_20260117_1744,latrinidad_balili_20260117_093709_f835dd77.png,Cropped/C-BL-AgriCapture_20260117_1744/images/2026/01/17/latrinidad_balili_20260117_093709_f835dd77.png,Moderate whitespot,2026-06-10T12:55:50
C-BL-AgriCapture_20260117_1744,latrinidad_balili_20260117_093827_d8fe6455.png,Cropped/C-BL-AgriCapture_20260117_1744/images/2026/01/17/latrinidad_balili_20260117_093827_d8fe6455.png,Moderate whitespot,2026-06-10T12:55:51
C-BL-AgriCapture_20260117_1744,latrinidad_balili_20260117_093836_ec852d8d.png,Cropped/C-BL-AgriCapture_20260117_1744/images/2026/01/17/latrinidad_balili_20260117_093836_ec852d8d.png,Extreme whitespot,2026-06-10T12:56:07
C-BL-AgriCapture_20260117_1744,latrinidad_balili_20260117_093844_bf4df3d8.png,Cropped/C-BL-AgriCapture_20260117_1744/images/2026/01/17/latrinidad_balili_20260117_093844_bf4df3d8.png,Extreme whitespot,2026-06-10T12:56:09
C-BL-AgriCapture_20260117_1744,latrinidad_balili_20260117_093853_7ea71b11.png,Cropped/C-BL-AgriCapture_20260117_1744/images/2026/01/17/latrinidad_balili_20260117_093853_7ea71b11.png,Extreme whitespot,2026-06-10T12:56:10
C-BL-AgriCapture_20260117_1744,latrinidad_balili_20260117_093902_3de60735.png,Cropped/C-BL-AgriCapture_20260117_1744/images/2026/01/17/latrinidad_balili_20260117_093902_3de60735.png,Extreme whitespot,2026-06-10T12:56:11
C-BL-AgriCapture_20260117_1744,latrinidad_balili_20260117_093936_95d999f4.png,Cropped/C-BL-AgriCapture_20260117_1744/images/2026/01/17/latrinidad_balili_20260117_093936_95d999f4.png,Moderate whitespot,2026-06-10T12:56:13
C-BL-AgriCapture_20260117_1744,latrinidad_balili_20260117_093945_09f6a017.png,Cropped/C-BL-AgriCapture_20260117_1744/images/2026/01/17/latrinidad_balili_20260117_093945_09f6a017.png,Extreme whitespot,2026-06-10T12:56:14
C-BL-AgriCapture_20260117_1744,latrinidad_balili_20260117_093955_e919cd89.png,Cropped/C-BL-AgriCapture_20260117_1744/images/2026/01/17/latrinidad_balili_20260117_093955_e919cd89.png,Extreme whitespot,2026-06-10T12:56:15
C-BL-AgriCapture_20260117_1744,latrinidad_balili_20260117_094005_3cf2f6e7.png,Cropped/C-BL-AgriCapture_20260117_1744/images/2026/01/17/latrinidad_balili_20260117_094005_3cf2f6e7.png,Extreme whitespot,2026-06-10T12:56:16
C-BL-AgriCapture_20260117_1744,latrinidad_balili_20260117_094014_d78e1ed4.png,Cropped/C-BL-AgriCapture_20260117_1744/images/2026/01/17/latrinidad_balili_20260117_094014_d78e1ed4.png,Extreme whitespot,2026-06-10T12:56:26
C-BL-AgriCapture_20260117_1744,latrinidad_balili_20260117_094101_b67c6a2c.png,Cropped/C-BL-AgriCapture_20260117_1744/images/2026/01/17/latrinidad_balili_20260117_094101_b67c6a2c.png,Extreme whitespot,2026-06-10T12:56:30
C-BL-AgriCapture_20260117_1744,latrinidad_balili_20260117_094110_b9c3810a.png,Cropped/C-BL-AgriCapture_20260117_1744/images/2026/01/17/latrinidad_balili_20260117_094110_b9c3810a.png,Extreme whitespot,2026-06-10T12:56:36
C-BL-AgriCapture_20260117_1744,latrinidad_balili_20260117_094119_23042420.png,Cropped/C-BL-AgriCapture_20260117_1744/images/2026/01/17/latrinidad_balili_20260117_094119_23042420.png,Extreme whitespot,2026-06-10T12:56:42
C-BL-AgriCapture_20260117_1744,latrinidad_balili_20260117_094128_b01e77ad.png,Cropped/C-BL-AgriCapture_20260117_1744/images/2026/01/17/latrinidad_balili_20260117_094128_b01e77ad.png,Moderate whitespot,2026-06-10T12:56:43
C-BL-AgriCapture_20260117_1744,latrinidad_balili_20260117_094139_ef07d278.png,Cropped/C-BL-AgriCapture_20260117_1744/images/2026/01/17/latrinidad_balili_20260117_094139_ef07d278.png,Extreme whitespot,2026-06-10T12:56:44
C-SF-AgriCapture_20260117_1708,latrinidad_betag_20260117_073123_cf784c76.png,Cropped/C-SF-AgriCapture_20260117_1708/2026/01/17/latrinidad_betag_20260117_073123_cf784c76.png,Moderate whitespot,2026-06-10T12:57:04
C-SF-AgriCapture_20260117_1708,latrinidad_betag_20260117_073127_885950d5.png,Cropped/C-SF-AgriCapture_20260117_1708/2026/01/17/latrinidad_betag_20260117_073127_885950d5.png,Minimal whitespot,2026-06-10T12:57:04
C-SF-AgriCapture_20260117_1708,latrinidad_betag_20260117_074208_414b1e4d.png,Cropped/C-SF-AgriCapture_20260117_1708/2026/01/17/latrinidad_betag_20260117_074208_414b1e4d.png,Moderate whitespot,2026-06-10T12:57:44
C-SF-AgriCapture_20260117_1708,latrinidad_betag_20260117_074214_6c61c5d6.png,Cropped/C-SF-AgriCapture_20260117_1708/2026/01/17/latrinidad_betag_20260117_074214_6c61c5d6.png,Moderate whitespot,2026-06-10T12:57:45
C-SF-AgriCapture_20260117_1708,latrinidad_betag_20260117_074223_5fc30733.png,Cropped/C-SF-AgriCapture_20260117_1708/2026/01/17/latrinidad_betag_20260117_074223_5fc30733.png,Moderate whitespot,2026-06-10T12:57:50
C-SF-AgriCapture_20260117_1708,latrinidad_betag_20260117_074237_1f73e4e4.png,Cropped/C-SF-AgriCapture_20260117_1708/2026/01/17/latrinidad_betag_20260117_074237_1f73e4e4.png,Moderate whitespot,2026-06-10T12:58:06
C-SF-AgriCapture_20260117_1708,latrinidad_betag_20260117_074241_6b249bc5.png,Cropped/C-SF-AgriCapture_20260117_1708/2026/01/17/latrinidad_betag_20260117_074241_6b249bc5.png,Minimal whitespot,2026-06-10T12:58:07
C-SF-AgriCapture_20260117_1708,latrinidad_betag_20260117_074557_9b1ba89a.png,Cropped/C-SF-AgriCapture_20260117_1708/2026/01/17/latrinidad_betag_20260117_074557_9b1ba89a.png,Moderate whitespot,2026-06-10T12:58:09
C-SF-AgriCapture_20260117_1708,latrinidad_betag_20260117_074600_2f64dda2.png,Cropped/C-SF-AgriCapture_20260117_1708/2026/01/17/latrinidad_betag_20260117_074600_2f64dda2.png,Moderate whitespot,2026-06-10T12:58:09
C-SF-AgriCapture_20260117_1708,latrinidad_betag_20260117_074603_d0321d21.png,Cropped/C-SF-AgriCapture_20260117_1708/2026/01/17/latrinidad_betag_20260117_074603_d0321d21.png,Moderate whitespot,2026-06-10T12:58:12
C-SF-AgriCapture_20260117_1708,latrinidad_betag_20260117_074643_12c466cb.png,Cropped/C-SF-AgriCapture_20260117_1708/2026/01/17/latrinidad_betag_20260117_074643_12c466cb.png,Minimal whitespot,2026-06-10T12:58:13
C-SF-AgriCapture_20260117_1708,latrinidad_betag_20260117_074646_a9a2c2a9.png,Cropped/C-SF-AgriCapture_20260117_1708/2026/01/17/latrinidad_betag_20260117_074646_a9a2c2a9.png,Minimal whitespot,2026-06-10T12:58:14
C-SF-AgriCapture_20260117_1708,latrinidad_betag_20260117_074651_d17e498f.png,Cropped/C-SF-AgriCapture_20260117_1708/2026/01/17/latrinidad_betag_20260117_074651_d17e498f.png,Minimal whitespot,2026-06-10T12:58:15
C-SF-AgriCapture_20260117_1708,latrinidad_betag_20260117_074654_f8f9be2c.png,Cropped/C-SF-AgriCapture_20260117_1708/2026/01/17/latrinidad_betag_20260117_074654_f8f9be2c.png,Minimal whitespot,2026-06-10T12:58:15
C-SF-AgriCapture_20260117_1708,latrinidad_betag_20260117_074700_e93cdbf5.png,Cropped/C-SF-AgriCapture_20260117_1708/2026/01/17/latrinidad_betag_20260117_074700_e93cdbf5.png,Minimal whitespot,2026-06-10T12:58:16
C-SF-AgriCapture_20260117_1708,latrinidad_betag_20260117_074753_5b144522.png,Cropped/C-SF-AgriCapture_20260117_1708/2026/01/17/latrinidad_betag_20260117_074753_5b144522.png,Minimal whitespot,2026-06-10T12:58:20
C-SF-AgriCapture_20260117_1708,latrinidad_betag_20260117_074756_ae481525.png,Cropped/C-SF-AgriCapture_20260117_1708/2026/01/17/latrinidad_betag_20260117_074756_ae481525.png,Minimal whitespot,2026-06-10T12:58:21
C-SF-AgriCapture_20260117_1708,latrinidad_betag_20260117_074800_41df1785.png,Cropped/C-SF-AgriCapture_20260117_1708/2026/01/17/latrinidad_betag_20260117_074800_41df1785.png,Moderate whitespot,2026-06-10T12:58:22
C-SF-AgriCapture_20260117_1708,latrinidad_betag_20260117_074803_14be43dc.png,Cropped/C-SF-AgriCapture_20260117_1708/2026/01/17/latrinidad_betag_20260117_074803_14be43dc.png,Moderate whitespot,2026-06-10T12:58:26
C-SF-AgriCapture_20260117_1708,latrinidad_betag_20260117_074807_533b446b.png,Cropped/C-SF-AgriCapture_20260117_1708/2026/01/17/latrinidad_betag_20260117_074807_533b446b.png,Moderate whitespot,2026-06-10T12:58:27
C-SF-AgriCapture_20260117_1708,latrinidad_betag_20260117_075110_426b6bdc.png,Cropped/C-SF-AgriCapture_20260117_1708/2026/01/17/latrinidad_betag_20260117_075110_426b6bdc.png,Moderate whitespot,2026-06-10T12:58:29
C-SF-AgriCapture_20260117_1708,latrinidad_betag_20260117_075115_ecac8985.png,Cropped/C-SF-AgriCapture_20260117_1708/2026/01/17/latrinidad_betag_20260117_075115_ecac8985.png,Moderate whitespot,2026-06-10T12:58:30
C-SF-AgriCapture_20260117_1708,latrinidad_betag_20260117_075119_070b705e.png,Cropped/C-SF-AgriCapture_20260117_1708/2026/01/17/latrinidad_betag_20260117_075119_070b705e.png,Moderate whitespot,2026-06-10T12:58:32
C-SF-AgriCapture_20260117_1708,latrinidad_betag_20260117_075122_fd553162.png,Cropped/C-SF-AgriCapture_20260117_1708/2026/01/17/latrinidad_betag_20260117_075122_fd553162.png,Moderate whitespot,2026-06-10T12:58:33
C-SF-AgriCapture_20260117_1708,latrinidad_betag_20260117_075126_c423b7c5.png,Cropped/C-SF-AgriCapture_20260117_1708/2026/01/17/latrinidad_betag_20260117_075126_c423b7c5.png,Moderate whitespot,2026-06-10T12:58:35
C-SF-AgriCapture_20260117_1708,latrinidad_betag_20260117_075207_40b21ed1.png,Cropped/C-SF-AgriCapture_20260117_1708/2026/01/17/latrinidad_betag_20260117_075207_40b21ed1.png,Moderate whitespot,2026-06-10T12:58:36
C-SF-AgriCapture_20260117_1708,latrinidad_betag_20260117_075212_e7b13c60.png,Cropped/C-SF-AgriCapture_20260117_1708/2026/01/17/latrinidad_betag_20260117_075212_e7b13c60.png,Minimal whitespot,2026-06-10T12:58:38
C-SF-AgriCapture_20260117_1708,latrinidad_betag_20260117_075217_93d983f4.png,Cropped/C-SF-AgriCapture_20260117_1708/2026/01/17/latrinidad_betag_20260117_075217_93d983f4.png,Moderate whitespot,2026-06-10T12:58:40
C-SF-AgriCapture_20260117_1708,latrinidad_betag_20260117_075221_9499ee0b.png,Cropped/C-SF-AgriCapture_20260117_1708/2026/01/17/latrinidad_betag_20260117_075221_9499ee0b.png,Moderate whitespot,2026-06-10T12:58:41
C-SF-AgriCapture_20260117_1708,latrinidad_betag_20260117_075226_5d3e128a.png,Cropped/C-SF-AgriCapture_20260117_1708/2026/01/17/latrinidad_betag_20260117_075226_5d3e128a.png,Moderate whitespot,2026-06-10T12:58:42
C-SF-AgriCapture_20260117_1708,latrinidad_betag_20260117_075510_686b007e.png,Cropped/C-SF-AgriCapture_20260117_1708/2026/01/17/latrinidad_betag_20260117_075510_686b007e.png,Extreme whitespot,2026-06-10T12:58:49
C-SF-AgriCapture_20260117_1708,latrinidad_betag_20260117_075515_207ac9c5.png,Cropped/C-SF-AgriCapture_20260117_1708/2026/01/17/latrinidad_betag_20260117_075515_207ac9c5.png,Extreme whitespot,2026-06-10T12:58:50
C-SF-AgriCapture_20260117_1708,latrinidad_betag_20260117_075519_a9552ff3.png,Cropped/C-SF-AgriCapture_20260117_1708/2026/01/17/latrinidad_betag_20260117_075519_a9552ff3.png,Extreme whitespot,2026-06-10T12:58:50
C-SF-AgriCapture_20260117_1708,latrinidad_betag_20260117_075523_dbad359e.png,Cropped/C-SF-AgriCapture_20260117_1708/2026/01/17/latrinidad_betag_20260117_075523_dbad359e.png,Minimal whitespot,2026-06-10T12:58:51
C-SF-AgriCapture_20260117_1708,latrinidad_betag_20260117_075530_9f435a9f.png,Cropped/C-SF-AgriCapture_20260117_1708/2026/01/17/latrinidad_betag_20260117_075530_9f435a9f.png,Extreme whitespot,2026-06-10T12:58:51
C-SF-AgriCapture_20260117_1708,latrinidad_betag_20260117_075622_177ba8c2.png,Cropped/C-SF-AgriCapture_20260117_1708/2026/01/17/latrinidad_betag_20260117_075622_177ba8c2.png,Moderate whitespot,2026-06-10T12:58:54
C-SF-AgriCapture_20260117_1708,latrinidad_betag_20260117_075626_b729e3d8.png,Cropped/C-SF-AgriCapture_20260117_1708/2026/01/17/latrinidad_betag_20260117_075626_b729e3d8.png,Moderate whitespot,2026-06-10T12:58:55
C-SF-AgriCapture_20260117_1708,latrinidad_betag_20260117_075630_014b7b71.png,Cropped/C-SF-AgriCapture_20260117_1708/2026/01/17/latrinidad_betag_20260117_075630_014b7b71.png,Moderate whitespot,2026-06-10T12:58:56
C-SF-AgriCapture_20260117_1708,latrinidad_betag_20260117_075634_a48272ba.png,Cropped/C-SF-AgriCapture_20260117_1708/2026/01/17/latrinidad_betag_20260117_075634_a48272ba.png,Minimal whitespot,2026-06-10T12:58:58
C-SF-AgriCapture_20260117_1708,latrinidad_betag_20260117_075639_e90fdabc.png,Cropped/C-SF-AgriCapture_20260117_1708/2026/01/17/latrinidad_betag_20260117_075639_e90fdabc.png,Minimal whitespot,2026-06-10T12:58:59
C-SF-AgriCapture_20260117_1708,latrinidad_betag_20260117_075758_c258ab66.png,Cropped/C-SF-AgriCapture_20260117_1708/2026/01/17/latrinidad_betag_20260117_075758_c258ab66.png,Minimal whitespot,2026-06-10T12:59:01
C-SF-AgriCapture_20260117_1708,latrinidad_betag_20260117_075802_76541388.png,Cropped/C-SF-AgriCapture_20260117_1708/2026/01/17/latrinidad_betag_20260117_075802_76541388.png,Minimal whitespot,2026-06-10T12:59:01
C-SF-AgriCapture_20260117_1708,latrinidad_betag_20260117_075807_2a034a8d.png,Cropped/C-SF-AgriCapture_20260117_1708/2026/01/17/latrinidad_betag_20260117_075807_2a034a8d.png,No white spot,2026-06-10T12:59:02
C-SF-AgriCapture_20260117_1708,latrinidad_betag_20260117_075811_a990b166.png,Cropped/C-SF-AgriCapture_20260117_1708/2026/01/17/latrinidad_betag_20260117_075811_a990b166.png,Minimal whitespot,2026-06-10T12:59:03
C-SF-AgriCapture_20260117_1708,latrinidad_betag_20260117_075816_0b866464.png,Cropped/C-SF-AgriCapture_20260117_1708/2026/01/17/latrinidad_betag_20260117_075816_0b866464.png,Minimal whitespot,2026-06-10T12:59:04
C-SF-AgriCapture_20260117_1708,latrinidad_betag_20260117_080148_84edb12a.png,Cropped/C-SF-AgriCapture_20260117_1708/2026/01/17/latrinidad_betag_20260117_080148_84edb12a.png,No white spot,2026-06-10T12:59:05
C-SF-AgriCapture_20260117_1708,latrinidad_betag_20260117_080152_508513ca.png,Cropped/C-SF-AgriCapture_20260117_1708/2026/01/17/latrinidad_betag_20260117_080152_508513ca.png,Minimal whitespot,2026-06-10T12:59:06
C-SF-AgriCapture_20260117_1708,latrinidad_betag_20260117_080156_52baebd3.png,Cropped/C-SF-AgriCapture_20260117_1708/2026/01/17/latrinidad_betag_20260117_080156_52baebd3.png,Minimal whitespot,2026-06-10T12:59:07
C-SF-AgriCapture_20260117_1708,latrinidad_betag_20260117_080200_9165e5f4.png,Cropped/C-SF-AgriCapture_20260117_1708/2026/01/17/latrinidad_betag_20260117_080200_9165e5f4.png,Minimal whitespot,2026-06-10T12:59:07
C-SF-AgriCapture_20260117_1708,latrinidad_betag_20260117_080206_a2694753.png,Cropped/C-SF-AgriCapture_20260117_1708/2026/01/17/latrinidad_betag_20260117_080206_a2694753.png,Minimal whitespot,2026-06-10T12:59:08
C-SF-AgriCapture_20260117_1708,latrinidad_betag_20260117_080412_0535fb80.png,Cropped/C-SF-AgriCapture_20260117_1708/2026/01/17/latrinidad_betag_20260117_080412_0535fb80.png,Moderate whitespot,2026-06-10T12:59:09
C-SF-AgriCapture_20260117_1708,latrinidad_betag_20260117_080421_d4e8373f.png,Cropped/C-SF-AgriCapture_20260117_1708/2026/01/17/latrinidad_betag_20260117_080421_d4e8373f.png,Moderate whitespot,2026-06-10T12:59:09
C-SF-AgriCapture_20260117_1708,latrinidad_betag_20260117_080431_a14cc716.png,Cropped/C-SF-AgriCapture_20260117_1708/2026/01/17/latrinidad_betag_20260117_080431_a14cc716.png,Moderate whitespot,2026-06-10T12:59:10
C-SF-AgriCapture_20260117_1708,latrinidad_betag_20260117_080439_25b612f6.png,Cropped/C-SF-AgriCapture_20260117_1708/2026/01/17/latrinidad_betag_20260117_080439_25b612f6.png,Moderate whitespot,2026-06-10T12:59:10
C-SF-AgriCapture_20260117_1708,latrinidad_betag_20260117_080448_7b5ea280.png,Cropped/C-SF-AgriCapture_20260117_1708/2026/01/17/latrinidad_betag_20260117_080448_7b5ea280.png,Moderate whitespot,2026-06-10T12:59:11
C-SF-AgriCapture_20260117_1708,latrinidad_betag_20260117_080614_033c0054.png,Cropped/C-SF-AgriCapture_20260117_1708/2026/01/17/latrinidad_betag_20260117_080614_033c0054.png,Moderate whitespot,2026-06-10T12:59:12
C-SF-AgriCapture_20260117_1708,latrinidad_betag_20260117_080621_508eecaf.png,Cropped/C-SF-AgriCapture_20260117_1708/2026/01/17/latrinidad_betag_20260117_080621_508eecaf.png,Moderate whitespot,2026-06-10T12:59:13
C-SF-AgriCapture_20260117_1708,latrinidad_betag_20260117_080717_3a03246e.png,Cropped/C-SF-AgriCapture_20260117_1708/2026/01/17/latrinidad_betag_20260117_080717_3a03246e.png,Moderate whitespot,2026-06-10T12:59:14
C-SF-AgriCapture_20260117_1708,latrinidad_betag_20260117_080910_44e43569.png,Cropped/C-SF-AgriCapture_20260117_1708/2026/01/17/latrinidad_betag_20260117_080910_44e43569.png,Minimal whitespot,2026-06-10T12:59:16
C-SF-AgriCapture_20260117_1708,latrinidad_betag_20260117_080915_ba8f01ca.png,Cropped/C-SF-AgriCapture_20260117_1708/2026/01/17/latrinidad_betag_20260117_080915_ba8f01ca.png,Minimal whitespot,2026-06-10T12:59:17
C-SF-AgriCapture_20260117_1708,latrinidad_betag_20260117_080925_58befeea.png,Cropped/C-SF-AgriCapture_20260117_1708/2026/01/17/latrinidad_betag_20260117_080925_58befeea.png,Minimal whitespot,2026-06-10T12:59:18
C-SF-AgriCapture_20260117_1708,latrinidad_betag_20260117_080936_b4ebf237.png,Cropped/C-SF-AgriCapture_20260117_1708/2026/01/17/latrinidad_betag_20260117_080936_b4ebf237.png,Moderate whitespot,2026-06-10T12:59:20
C-SF-AgriCapture_20260117_1708,latrinidad_betag_20260117_080946_f32cfe2c.png,Cropped/C-SF-AgriCapture_20260117_1708/2026/01/17/latrinidad_betag_20260117_080946_f32cfe2c.png,Moderate whitespot,2026-06-10T12:59:21
C-SF-AgriCapture_20260117_1708,latrinidad_betag_20260117_081119_2aad7e3b.png,Cropped/C-SF-AgriCapture_20260117_1708/2026/01/17/latrinidad_betag_20260117_081119_2aad7e3b.png,Extreme whitespot,2026-06-10T12:59:22
C-SF-AgriCapture_20260117_1708,latrinidad_betag_20260117_081147_aa79bd0c.png,Cropped/C-SF-AgriCapture_20260117_1708/2026/01/17/latrinidad_betag_20260117_081147_aa79bd0c.png,Minimal whitespot,2026-06-10T12:59:26
C-SF-AgriCapture_20260117_1708,latrinidad_betag_20260117_081157_e356b175.png,Cropped/C-SF-AgriCapture_20260117_1708/2026/01/17/latrinidad_betag_20260117_081157_e356b175.png,No white spot,2026-06-10T12:59:28
C-SF-AgriCapture_20260117_1708,latrinidad_betag_20260117_081213_674a5fb5.png,Cropped/C-SF-AgriCapture_20260117_1708/2026/01/17/latrinidad_betag_20260117_081213_674a5fb5.png,Extreme whitespot,2026-06-10T12:59:35
C-SF-AgriCapture_20260117_1708,latrinidad_betag_20260117_081401_fbe83c73.png,Cropped/C-SF-AgriCapture_20260117_1708/2026/01/17/latrinidad_betag_20260117_081401_fbe83c73.png,Extreme whitespot,2026-06-10T12:59:36
C-SF-AgriCapture_20260117_1708,latrinidad_betag_20260117_081410_9190d2f6.png,Cropped/C-SF-AgriCapture_20260117_1708/2026/01/17/latrinidad_betag_20260117_081410_9190d2f6.png,Extreme whitespot,2026-06-10T12:59:37
C-SF-AgriCapture_20260117_1708,latrinidad_betag_20260117_081424_b4358fd7.png,Cropped/C-SF-AgriCapture_20260117_1708/2026/01/17/latrinidad_betag_20260117_081424_b4358fd7.png,Extreme whitespot,2026-06-10T12:59:38
C-SF-AgriCapture_20260117_1708,latrinidad_betag_20260117_081433_ee8f8d5f.png,Cropped/C-SF-AgriCapture_20260117_1708/2026/01/17/latrinidad_betag_20260117_081433_ee8f8d5f.png,Extreme whitespot,2026-06-10T12:59:38
C-SF-AgriCapture_20260117_1708,latrinidad_betag_20260117_081443_2259912d.png,Cropped/C-SF-AgriCapture_20260117_1708/2026/01/17/latrinidad_betag_20260117_081443_2259912d.png,Extreme whitespot,2026-06-10T12:59:39
C-SF-AgriCapture_20260117_1708,latrinidad_betag_20260117_081535_0429391f.png,Cropped/C-SF-AgriCapture_20260117_1708/2026/01/17/latrinidad_betag_20260117_081535_0429391f.png,Extreme whitespot,2026-06-10T12:59:40
C-SF-AgriCapture_20260117_1708,latrinidad_betag_20260117_081545_348d32d5.png,Cropped/C-SF-AgriCapture_20260117_1708/2026/01/17/latrinidad_betag_20260117_081545_348d32d5.png,Moderate whitespot,2026-06-10T12:59:42
C-SF-AgriCapture_20260117_1708,latrinidad_betag_20260117_081551_a45c0600.png,Cropped/C-SF-AgriCapture_20260117_1708/2026/01/17/latrinidad_betag_20260117_081551_a45c0600.png,Moderate whitespot,2026-06-10T12:59:43
C-SF-AgriCapture_20260117_1708,latrinidad_betag_20260117_081602_325fd2f0.png,Cropped/C-SF-AgriCapture_20260117_1708/2026/01/17/latrinidad_betag_20260117_081602_325fd2f0.png,Minimal whitespot,2026-06-10T12:59:44
C-SF-AgriCapture_20260117_1708,latrinidad_betag_20260117_081614_4ea830a6.png,Cropped/C-SF-AgriCapture_20260117_1708/2026/01/17/latrinidad_betag_20260117_081614_4ea830a6.png,Minimal whitespot,2026-06-10T12:59:45
C-SF-AgriCapture_20260117_1708,latrinidad_betag_20260117_081713_e847ad4b.png,Cropped/C-SF-AgriCapture_20260117_1708/2026/01/17/latrinidad_betag_20260117_081713_e847ad4b.png,Moderate whitespot,2026-06-10T12:59:46
C-SF-AgriCapture_20260117_1708,latrinidad_betag_20260117_081722_e3da3d0c.png,Cropped/C-SF-AgriCapture_20260117_1708/2026/01/17/latrinidad_betag_20260117_081722_e3da3d0c.png,Moderate whitespot,2026-06-10T12:59:48
C-SF-AgriCapture_20260117_1708,latrinidad_betag_20260117_081759_99bc8ec1.png,Cropped/C-SF-AgriCapture_20260117_1708/2026/01/17/latrinidad_betag_20260117_081759_99bc8ec1.png,Minimal whitespot,2026-06-10T12:59:49
C-SF-AgriCapture_20260117_1708,latrinidad_betag_20260117_081807_26005e6c.png,Cropped/C-SF-AgriCapture_20260117_1708/2026/01/17/latrinidad_betag_20260117_081807_26005e6c.png,Minimal whitespot,2026-06-10T12:59:50
C-SF-AgriCapture_20260117_1708,latrinidad_betag_20260117_081816_9cb54d92.png,Cropped/C-SF-AgriCapture_20260117_1708/2026/01/17/latrinidad_betag_20260117_081816_9cb54d92.png,Minimal whitespot,2026-06-10T12:59:51
C-SF-AgriCapture_20260117_1708,latrinidad_betag_20260117_082007_8948052b.png,Cropped/C-SF-AgriCapture_20260117_1708/2026/01/17/latrinidad_betag_20260117_082007_8948052b.png,Moderate whitespot,2026-06-10T12:59:52
C-SF-AgriCapture_20260117_1708,latrinidad_betag_20260117_082020_fbf169d6.png,Cropped/C-SF-AgriCapture_20260117_1708/2026/01/17/latrinidad_betag_20260117_082020_fbf169d6.png,Moderate whitespot,2026-06-10T12:59:53
C-SF-AgriCapture_20260117_1708,latrinidad_betag_20260117_082150_18ddfecb.png,Cropped/C-SF-AgriCapture_20260117_1708/2026/01/17/latrinidad_betag_20260117_082150_18ddfecb.png,Extreme whitespot,2026-06-10T12:59:54
C-SF-AgriCapture_20260117_1708,latrinidad_betag_20260117_082203_5933efc8.png,Cropped/C-SF-AgriCapture_20260117_1708/2026/01/17/latrinidad_betag_20260117_082203_5933efc8.png,Extreme whitespot,2026-06-10T12:59:55
C-SF-AgriCapture_20260117_1708,latrinidad_betag_20260117_082219_ae89e974.png,Cropped/C-SF-AgriCapture_20260117_1708/2026/01/17/latrinidad_betag_20260117_082219_ae89e974.png,Extreme whitespot,2026-06-10T12:59:56
C-SF-AgriCapture_20260117_1708,latrinidad_betag_20260117_082311_a415fe66.png,Cropped/C-SF-AgriCapture_20260117_1708/2026/01/17/latrinidad_betag_20260117_082311_a415fe66.png,No white spot,2026-06-10T13:00:03
C-SF-AgriCapture_20260117_1708,latrinidad_betag_20260117_082513_bffc7908.png,Cropped/C-SF-AgriCapture_20260117_1708/2026/01/17/latrinidad_betag_20260117_082513_bffc7908.png,No white spot,2026-06-10T13:00:04
C-SF-AgriCapture_20260117_1708,latrinidad_betag_20260117_082546_6d93c6be.png,Cropped/C-SF-AgriCapture_20260117_1708/2026/01/17/latrinidad_betag_20260117_082546_6d93c6be.png,No white spot,2026-06-10T13:00:04
C-SF-AgriCapture_20260117_1708,latrinidad_betag_20260117_082554_003ed777.png,Cropped/C-SF-AgriCapture_20260117_1708/2026/01/17/latrinidad_betag_20260117_082554_003ed777.png,No white spot,2026-06-10T13:00:06
C-SF-AgriCapture_20260117_1708,latrinidad_betag_20260117_082719_132c3b37.png,Cropped/C-SF-AgriCapture_20260117_1708/2026/01/17/latrinidad_betag_20260117_082719_132c3b37.png,No white spot,2026-06-10T13:00:07
C-SF-AgriCapture_20260117_1708,latrinidad_betag_20260117_082732_1d1d6cca.png,Cropped/C-SF-AgriCapture_20260117_1708/2026/01/17/latrinidad_betag_20260117_082732_1d1d6cca.png,No white spot,2026-06-10T13:00:08
C-SF-AgriCapture_20260117_1708,latrinidad_betag_20260117_082742_16c164ae.png,Cropped/C-SF-AgriCapture_20260117_1708/2026/01/17/latrinidad_betag_20260117_082742_16c164ae.png,Minimal whitespot,2026-06-10T13:00:10
C-SF-AgriCapture_20260117_1708,latrinidad_betag_20260117_082753_80d5038e.png,Cropped/C-SF-AgriCapture_20260117_1708/2026/01/17/latrinidad_betag_20260117_082753_80d5038e.png,Extreme whitespot,2026-06-10T13:00:14
C-SF-AgriCapture_20260117_1708,latrinidad_betag_20260117_082803_16ca6daa.png,Cropped/C-SF-AgriCapture_20260117_1708/2026/01/17/latrinidad_betag_20260117_082803_16ca6daa.png,Extreme whitespot,2026-06-10T13:00:15
C-SF-AgriCapture_20260117_1708,latrinidad_betag_20260117_082852_e511c819.png,Cropped/C-SF-AgriCapture_20260117_1708/2026/01/17/latrinidad_betag_20260117_082852_e511c819.png,Moderate whitespot,2026-06-10T13:00:16
C-SF-AgriCapture_20260117_1708,latrinidad_betag_20260117_082909_b1fe9138.png,Cropped/C-SF-AgriCapture_20260117_1708/2026/01/17/latrinidad_betag_20260117_082909_b1fe9138.png,Extreme whitespot,2026-06-10T13:00:17
C-SF-AgriCapture_20260117_1708,latrinidad_betag_20260117_082919_26005e68.png,Cropped/C-SF-AgriCapture_20260117_1708/2026/01/17/latrinidad_betag_20260117_082919_26005e68.png,Moderate whitespot,2026-06-10T13:00:19
C-SF-AgriCapture_20260117_1708,latrinidad_betag_20260117_082926_defa98ee.png,Cropped/C-SF-AgriCapture_20260117_1708/2026/01/17/latrinidad_betag_20260117_082926_defa98ee.png,Minimal whitespot,2026-06-10T13:00:20
C-SF-AgriCapture_20260117_1708,latrinidad_betag_20260117_082934_ac1e47e8.png,Cropped/C-SF-AgriCapture_20260117_1708/2026/01/17/latrinidad_betag_20260117_082934_ac1e47e8.png,Minimal whitespot,2026-06-10T13:00:22
C-SF-AgriCapture_20260117_1708,latrinidad_betag_20260117_083025_32485954.png,Cropped/C-SF-AgriCapture_20260117_1708/2026/01/17/latrinidad_betag_20260117_083025_32485954.png,No white spot,2026-06-10T13:00:22
C-SF-AgriCapture_20260117_1708,latrinidad_betag_20260117_083043_1029641c.png,Cropped/C-SF-AgriCapture_20260117_1708/2026/01/17/latrinidad_betag_20260117_083043_1029641c.png,Minimal whitespot,2026-06-10T13:00:24
C-SF-AgriCapture_20260117_1708,latrinidad_betag_20260117_083052_94cd3dfb.png,Cropped/C-SF-AgriCapture_20260117_1708/2026/01/17/latrinidad_betag_20260117_083052_94cd3dfb.png,Minimal whitespot,2026-06-10T13:00:27
C-SF-AgriCapture_20260117_1708,latrinidad_betag_20260117_083059_6dc8e575.png,Cropped/C-SF-AgriCapture_20260117_1708/2026/01/17/latrinidad_betag_20260117_083059_6dc8e575.png,Minimal whitespot,2026-06-10T13:00:32
C-SF-AgriCapture_20260117_1708,latrinidad_betag_20260117_083121_19c96d75.png,Cropped/C-SF-AgriCapture_20260117_1708/2026/01/17/latrinidad_betag_20260117_083121_19c96d75.png,Minimal whitespot,2026-06-10T13:00:32
C-SF-AgriCapture_20260117_1708,latrinidad_betag_20260117_083303_589c9435.png,Cropped/C-SF-AgriCapture_20260117_1708/2026/01/17/latrinidad_betag_20260117_083303_589c9435.png,No white spot,2026-06-10T13:00:34
C-SF-AgriCapture_20260117_1708,latrinidad_betag_20260117_083314_9032397d.png,Cropped/C-SF-AgriCapture_20260117_1708/2026/01/17/latrinidad_betag_20260117_083314_9032397d.png,No white spot,2026-06-10T13:00:36
C-SF-AgriCapture_20260117_1708,latrinidad_betag_20260117_083326_cf41b789.png,Cropped/C-SF-AgriCapture_20260117_1708/2026/01/17/latrinidad_betag_20260117_083326_cf41b789.png,No white spot,2026-06-10T13:00:37
C-SF-AgriCapture_20260117_1708,latrinidad_betag_20260117_083337_75015ece.png,Cropped/C-SF-AgriCapture_20260117_1708/2026/01/17/latrinidad_betag_20260117_083337_75015ece.png,No white spot,2026-06-10T13:00:37
C-SF-AgriCapture_20260117_1708,latrinidad_betag_20260117_083351_f335251e.png,Cropped/C-SF-AgriCapture_20260117_1708/2026/01/17/latrinidad_betag_20260117_083351_f335251e.png,No white spot,2026-06-10T13:00:38
C-SF-AgriCapture_20260117_1708,latrinidad_betag_20260117_083458_57f3f2ef.png,Cropped/C-SF-AgriCapture_20260117_1708/2026/01/17/latrinidad_betag_20260117_083458_57f3f2ef.png,No white spot,2026-06-10T13:00:38
C-SF-AgriCapture_20260117_1708,latrinidad_betag_20260117_083510_4d8f6239.png,Cropped/C-SF-AgriCapture_20260117_1708/2026/01/17/latrinidad_betag_20260117_083510_4d8f6239.png,Moderate whitespot,2026-06-10T13:00:40
C-SF-AgriCapture_20260117_1708,latrinidad_betag_20260117_083517_312a6573.png,Cropped/C-SF-AgriCapture_20260117_1708/2026/01/17/latrinidad_betag_20260117_083517_312a6573.png,Moderate whitespot,2026-06-10T13:00:41
C-SF-AgriCapture_20260117_1708,latrinidad_betag_20260117_083525_3960ce68.png,Cropped/C-SF-AgriCapture_20260117_1708/2026/01/17/latrinidad_betag_20260117_083525_3960ce68.png,Moderate whitespot,2026-06-10T13:00:41
C-SF-AgriCapture_20260117_1708,latrinidad_betag_20260117_083537_6c6a9652.png,Cropped/C-SF-AgriCapture_20260117_1708/2026/01/17/latrinidad_betag_20260117_083537_6c6a9652.png,Moderate whitespot,2026-06-10T13:00:42
C-SF-AgriCapture_20260117_1708,latrinidad_betag_20260117_083808_6aece2ea.png,Cropped/C-SF-AgriCapture_20260117_1708/2026/01/17/latrinidad_betag_20260117_083808_6aece2ea.png,No white spot,2026-06-10T13:00:43
C-SF-AgriCapture_20260117_1708,latrinidad_betag_20260117_083820_771c7eca.png,Cropped/C-SF-AgriCapture_20260117_1708/2026/01/17/latrinidad_betag_20260117_083820_771c7eca.png,No white spot,2026-06-10T13:00:44
C-SF-AgriCapture_20260117_1708,latrinidad_betag_20260117_083829_2d2b2955.png,Cropped/C-SF-AgriCapture_20260117_1708/2026/01/17/latrinidad_betag_20260117_083829_2d2b2955.png,No white spot,2026-06-10T13:00:45
C-SF-AgriCapture_20260117_1708,latrinidad_betag_20260117_083838_219159b7.png,Cropped/C-SF-AgriCapture_20260117_1708/2026/01/17/latrinidad_betag_20260117_083838_219159b7.png,No white spot,2026-06-10T13:00:45
C-SF-AgriCapture_20260117_1708,latrinidad_betag_20260117_083846_1959d996.png,Cropped/C-SF-AgriCapture_20260117_1708/2026/01/17/latrinidad_betag_20260117_083846_1959d996.png,No white spot,2026-06-10T13:00:46
C-SF-AgriCapture_20260117_1708,latrinidad_betag_20260117_083943_999053cf.png,Cropped/C-SF-AgriCapture_20260117_1708/2026/01/17/latrinidad_betag_20260117_083943_999053cf.png,No white spot,2026-06-10T13:00:46
C-SF-AgriCapture_20260117_1708,latrinidad_betag_20260117_083953_e259153a.png,Cropped/C-SF-AgriCapture_20260117_1708/2026/01/17/latrinidad_betag_20260117_083953_e259153a.png,Minimal whitespot,2026-06-10T13:00:47
C-SF-AgriCapture_20260117_1708,latrinidad_betag_20260117_084001_e146fc53.png,Cropped/C-SF-AgriCapture_20260117_1708/2026/01/17/latrinidad_betag_20260117_084001_e146fc53.png,Minimal whitespot,2026-06-10T13:00:49
C-SF-AgriCapture_20260117_1708,latrinidad_betag_20260117_084008_5a021a7e.png,Cropped/C-SF-AgriCapture_20260117_1708/2026/01/17/latrinidad_betag_20260117_084008_5a021a7e.png,Minimal whitespot,2026-06-10T13:00:49
C-SF-AgriCapture_20260117_1708,latrinidad_betag_20260117_084027_c542a2ac.png,Cropped/C-SF-AgriCapture_20260117_1708/2026/01/17/latrinidad_betag_20260117_084027_c542a2ac.png,Minimal whitespot,2026-06-10T13:00:50
C-SF-AgriCapture_20260117_1708,latrinidad_betag_20260117_084158_b2591123.png,Cropped/C-SF-AgriCapture_20260117_1708/2026/01/17/latrinidad_betag_20260117_084158_b2591123.png,Moderate whitespot,2026-06-10T13:00:55
C-SF-AgriCapture_20260117_1708,latrinidad_betag_20260117_084338_400d22d8.png,Cropped/C-SF-AgriCapture_20260117_1708/2026/01/17/latrinidad_betag_20260117_084338_400d22d8.png,Extreme whitespot,2026-06-10T13:00:57
C-SF-AgriCapture_20260117_1708,latrinidad_betag_20260117_084349_934d4e93.png,Cropped/C-SF-AgriCapture_20260117_1708/2026/01/17/latrinidad_betag_20260117_084349_934d4e93.png,Extreme whitespot,2026-06-10T13:00:58
C-SF-AgriCapture_20260117_1708,latrinidad_betag_20260117_084407_83e42ac0.png,Cropped/C-SF-AgriCapture_20260117_1708/2026/01/17/latrinidad_betag_20260117_084407_83e42ac0.png,Moderate whitespot,2026-06-10T13:01:03
C-SF-AgriCapture_20260117_1708,latrinidad_betag_20260117_084809_d8cc7de9.png,Cropped/C-SF-AgriCapture_20260117_1708/2026/01/17/latrinidad_betag_20260117_084809_d8cc7de9.png,Extreme whitespot,2026-06-10T13:01:05
C-SF-AgriCapture_20260117_1708,latrinidad_betag_20260117_084817_634cb099.png,Cropped/C-SF-AgriCapture_20260117_1708/2026/01/17/latrinidad_betag_20260117_084817_634cb099.png,Moderate whitespot,2026-06-10T13:01:06
C-SF-AgriCapture_20260117_1708,latrinidad_betag_20260117_084832_d7b65650.png,Cropped/C-SF-AgriCapture_20260117_1708/2026/01/17/latrinidad_betag_20260117_084832_d7b65650.png,Moderate whitespot,2026-06-10T13:01:07
C-SF-AgriCapture_20260117_1708,latrinidad_betag_20260117_084841_ec81e6aa.png,Cropped/C-SF-AgriCapture_20260117_1708/2026/01/17/latrinidad_betag_20260117_084841_ec81e6aa.png,Moderate whitespot,2026-06-10T13:01:08
C-SF-AgriCapture_20260117_1708,latrinidad_betag_20260117_084850_8d6d6c60.png,Cropped/C-SF-AgriCapture_20260117_1708/2026/01/17/latrinidad_betag_20260117_084850_8d6d6c60.png,Moderate whitespot,2026-06-10T13:01:10
C-SF-AgriCapture_20260117_1708,latrinidad_betag_20260117_085102_177d797a.png,Cropped/C-SF-AgriCapture_20260117_1708/2026/01/17/latrinidad_betag_20260117_085102_177d797a.png,Minimal whitespot,2026-06-10T13:01:13
C-SF-AgriCapture_20260117_1708,latrinidad_betag_20260117_085111_41e48744.png,Cropped/C-SF-AgriCapture_20260117_1708/2026/01/17/latrinidad_betag_20260117_085111_41e48744.png,Minimal whitespot,2026-06-10T13:01:13
C-SF-AgriCapture_20260117_1708,latrinidad_betag_20260117_085122_c7f4a787.png,Cropped/C-SF-AgriCapture_20260117_1708/2026/01/17/latrinidad_betag_20260117_085122_c7f4a787.png,Minimal whitespot,2026-06-10T13:01:14
C-SF-AgriCapture_20260117_1708,latrinidad_betag_20260117_085130_4d331973.png,Cropped/C-SF-AgriCapture_20260117_1708/2026/01/17/latrinidad_betag_20260117_085130_4d331973.png,No white spot,2026-06-10T13:01:16
C-SF-AgriCapture_20260117_1708,latrinidad_betag_20260117_085320_9b0b7f27.png,Cropped/C-SF-AgriCapture_20260117_1708/2026/01/17/latrinidad_betag_20260117_085320_9b0b7f27.png,Minimal whitespot,2026-06-10T13:01:17
C-SF-AgriCapture_20260117_1708,latrinidad_betag_20260117_085328_61bfb416.png,Cropped/C-SF-AgriCapture_20260117_1708/2026/01/17/latrinidad_betag_20260117_085328_61bfb416.png,Minimal whitespot,2026-06-10T13:01:18
C-SF-AgriCapture_20260117_1708,latrinidad_betag_20260117_085336_51a7157b.png,Cropped/C-SF-AgriCapture_20260117_1708/2026/01/17/latrinidad_betag_20260117_085336_51a7157b.png,Minimal whitespot,2026-06-10T13:01:19
C-SF-AgriCapture_20260117_1708,latrinidad_betag_20260117_085343_753776be.png,Cropped/C-SF-AgriCapture_20260117_1708/2026/01/17/latrinidad_betag_20260117_085343_753776be.png,Minimal whitespot,2026-06-10T13:01:20
C-SF-AgriCapture_20260117_1708,latrinidad_betag_20260117_085352_f68ede27.png,Cropped/C-SF-AgriCapture_20260117_1708/2026/01/17/latrinidad_betag_20260117_085352_f68ede27.png,Minimal whitespot,2026-06-10T13:01:20
C-SF-AgriCapture_20260117_1708,latrinidad_betag_20260117_090043_7f570145.png,Cropped/C-SF-AgriCapture_20260117_1708/2026/01/17/latrinidad_betag_20260117_090043_7f570145.png,Minimal whitespot,2026-06-10T13:01:21
C-SF-AgriCapture_20260117_1708,latrinidad_betag_20260117_090053_633565bb.png,Cropped/C-SF-AgriCapture_20260117_1708/2026/01/17/latrinidad_betag_20260117_090053_633565bb.png,Minimal whitespot,2026-06-10T13:01:22
C-SF-AgriCapture_20260117_1708,latrinidad_betag_20260117_090100_e6763a55.png,Cropped/C-SF-AgriCapture_20260117_1708/2026/01/17/latrinidad_betag_20260117_090100_e6763a55.png,Minimal whitespot,2026-06-10T13:01:22
C-SF-AgriCapture_20260117_1708,latrinidad_betag_20260117_090118_41ac43aa.png,Cropped/C-SF-AgriCapture_20260117_1708/2026/01/17/latrinidad_betag_20260117_090118_41ac43aa.png,Minimal whitespot,2026-06-10T13:01:23
C-SF-AgriCapture_20260117_1708,latrinidad_betag_20260117_090126_e24ba93e.png,Cropped/C-SF-AgriCapture_20260117_1708/2026/01/17/latrinidad_betag_20260117_090126_e24ba93e.png,Moderate whitespot,2026-06-10T13:01:24
C-SF-AgriCapture_20260117_1708,latrinidad_betag_20260117_090223_b47d2993.png,Cropped/C-SF-AgriCapture_20260117_1708/2026/01/17/latrinidad_betag_20260117_090223_b47d2993.png,No white spot,2026-06-10T13:01:25
C-SF-AgriCapture_20260117_1708,latrinidad_betag_20260117_090236_28a209cf.png,Cropped/C-SF-AgriCapture_20260117_1708/2026/01/17/latrinidad_betag_20260117_090236_28a209cf.png,Minimal whitespot,2026-06-10T13:01:26
C-SF-AgriCapture_20260117_1708,latrinidad_betag_20260117_090246_52c8c6bc.png,Cropped/C-SF-AgriCapture_20260117_1708/2026/01/17/latrinidad_betag_20260117_090246_52c8c6bc.png,Minimal whitespot,2026-06-10T13:01:26
C-SF-AgriCapture_20260117_1708,latrinidad_betag_20260117_090256_7d28eeaa.png,Cropped/C-SF-AgriCapture_20260117_1708/2026/01/17/latrinidad_betag_20260117_090256_7d28eeaa.png,Minimal whitespot,2026-06-10T13:01:27
C-SF-AgriCapture_20260117_1708,latrinidad_betag_20260117_090303_28f785b7.png,Cropped/C-SF-AgriCapture_20260117_1708/2026/01/17/latrinidad_betag_20260117_090303_28f785b7.png,No white spot,2026-06-10T13:01:30
C-SF-AgriCapture_20260117_1708,latrinidad_betag_20260117_090408_520c2e87.png,Cropped/C-SF-AgriCapture_20260117_1708/2026/01/17/latrinidad_betag_20260117_090408_520c2e87.png,Moderate whitespot,2026-06-10T13:01:35
C-SF-AgriCapture_20260117_1708,latrinidad_betag_20260117_090417_7e5c6111.png,Cropped/C-SF-AgriCapture_20260117_1708/2026/01/17/latrinidad_betag_20260117_090417_7e5c6111.png,Moderate whitespot,2026-06-10T13:01:36
C-SF-AgriCapture_20260117_1708,latrinidad_betag_20260117_090424_4a1a9c31.png,Cropped/C-SF-AgriCapture_20260117_1708/2026/01/17/latrinidad_betag_20260117_090424_4a1a9c31.png,No white spot,2026-06-10T13:01:37
C-SF-AgriCapture_20260117_1708,latrinidad_betag_20260117_090431_4138b014.png,Cropped/C-SF-AgriCapture_20260117_1708/2026/01/17/latrinidad_betag_20260117_090431_4138b014.png,Minimal whitespot,2026-06-10T13:01:38
C-SF-AgriCapture_20260117_1708,latrinidad_betag_20260117_090440_5105ea04.png,Cropped/C-SF-AgriCapture_20260117_1708/2026/01/17/latrinidad_betag_20260117_090440_5105ea04.png,Minimal whitespot,2026-06-10T13:01:40
